report_task,seq_constantq0_train_time_sec_mean,seq_constantq_order_train_time_sec_mean,train_time_sec_mean_delta,seq_constantq0_infer_time_sec_mean,seq_constantq_order_infer_time_sec_mean,infer_time_sec_mean_delta,seq_constantq0_infer_peak_alloc_gb_mean,seq_constantq_order_infer_peak_alloc_gb_mean,infer_peak_alloc_gb_mean_delta,seq_constantq0_infer_peak_reserved_gb_mean,seq_constantq_order_infer_peak_reserved_gb_mean,infer_peak_reserved_gb_mean_delta
iid,561.498,283.31,278.18800000000005,333.802,461.904,-128.10199999999998,15.12,15.128,-0.008000000000000895,19.31,19.29,0.019999999999999574
grade12,561.498,283.31,278.18800000000005,68.23400000000001,93.786,-25.551999999999992,15.12,15.12,0.0,19.31,19.29,0.019999999999999574
obqa,561.498,283.31,278.18800000000005,74.174,104.668,-30.494,14.93,14.93,0.0,16.89,16.87,0.019999999999999574
arc-c,561.498,283.31,278.18800000000005,244.052,343.452,-99.4,15.14,15.14,0.0,19.83,19.8,0.029999999999997584
mmlu_science_high,561.498,283.31,278.18800000000005,179.138,253.344,-74.20599999999999,15.36,15.36,0.0,19.89,19.86,0.030000000000001137
mmlu_science_college,561.498,283.31,278.18800000000005,91.44800000000001,129.13400000000001,-37.68600000000001,15.31,15.31,0.0,19.89,19.86,0.030000000000001137
gpqa_main,561.498,283.31,278.18800000000005,243.268,342.136,-98.86800000000002,15.67,15.67,0.0,20.3,20.28,0.019999999999999574
mmlu_macro,561.498,283.31,278.18800000000005,135.293,191.239,-55.946,15.335,15.335,0.0,19.89,19.86,0.030000000000001137
