method_family,n_runs,seed_list,train_time_sec_mean,train_time_sec_sd,train_peak_alloc_gb_max,train_peak_reserved_gb_max
map_order,25,"0,1,10,11,12,13,14,15,16,17,18,19,2,20,21,22,23,24,3,4,5,6,7,8,9",993.5301500639583,53.324635398977506,,
map_reverse,5,"0,1,2,3,4",1079.0805302366011,89.87584544014445,,
map_random,5,"0,1,2,3,4",1026.630691596801,50.45716246901001,,
seq,5,"0,1,2,3,4",283.31,32.616320301346086,24.78,25.15
laplace,5,"0,1,2,3,4",577.28,312.30318978518295,60.06,94.28
blob,5,"0,1,2,3,4",322.96,22.801297112225868,21.19,21.96
